505642, Black Panther: Wakanda Forever, 2022-11-09
76600, Avatar: The Way of Water, 2022-12-14
646389, Plane, 2023-01-12
545611, Everything Everywhere All at Once, 2022-03-24
385687, Fast X, 2023-05-17
640146, Ant-Man and the Wasp: Quantumania, 2023-02-15
758009, Shotgun Wedding, 2022-12-28
718930, Bullet Train, 2022-08-03
49046, All Quiet on the Western Front, 2022-10-07
361743, Top Gun: Maverick, 2022-05-24
864692, Pathaan, 2023-01-25
877703, Teen Wolf: The Movie, 2023-01-18
284054, Black Panther, 2018-02-13
414906, The Batman, 2022-03-01
744, Top Gun, 1986-05-16
19995, Avatar, 2009-12-15
842675, The Wandering Earth II, 2023-01-22
436270, Black Adam, 2022-10-19
739405, Operation Fortune: Ruse de Guerre, 2023-01-04
507086, Jurassic World Dominion, 2022-06-01
70160, The Hunger Games, 2012-03-12
653851, Devotion, 2022-11-23
639933, The Northman, 2022-04-07
438631, Dune, 2021-09-15
298618, The Flash, 2023-06-13
648579, The Unbearable Weight of Massive Talent, 2022-04-20
724495, The Woman King, 2022-09-16
579974, RRR, 2022-03-24
120, The Lord of the Rings: The Fellowship of the Ring, 2001-12-18
882569, Guy Ritchie's The Covenant, 2023-04-19
616037, Thor: Love and Thunder, 2022-07-06
493529, Dungeons & Dragons: Honor Among Thieves, 2023-03-23
1075519, The Locksmith, 2023-02-03
155, The Dark Knight, 2008-07-16
27205, Inception, 2010-07-15
634649, Spider-Man: No Way Home, 2021-12-15
335977, Indiana Jones and the Dial of Destiny, 2023-06-28
603692, John Wick: Chapter 4, 2023-03-22
98, Gladiator, 2000-05-04
299534, Avengers: Endgame, 2019-04-24
1003580, Legion of Super-Heroes, 2023-02-07
700391, 65, 2023-03-02
1058949, Little Dixie, 2023-02-03
882826, An Action Hero, 2022-12-02
877269, Strange World, 2022-11-23
245891, John Wick, 2014-10-22
522627, The Gentlemen, 2020-01-01
335984, Blade Runner 2049, 2017-10-04
385128, F9, 2021-05-19
899112, Violent Night, 2022-11-30
961484, Last Seen Alive, 2022-05-12
615457, Nobody, 2021-03-18
603, The Matrix, 1999-03-31
725201, The Gray Man, 2022-07-13
447365, Guardians of the Galaxy Vol. 3, 2023-05-03
85, Raiders of the Lost Ark, 1981-06-12
602, Independence Day, 1996-06-25
22538, Scott Pilgrim vs. the World, 2010-08-12
9799, The Fast and the Furious, 2001-06-22
299054, Expend4bles, 2023-09-15
11867, Barb Wire, 1996-05-02
370172, No Time to Die, 2021-09-29
335787, Uncharted, 2022-02-10
577922, Tenet, 2020-08-22
594767, Shazam! Fury of the Gods, 2023-03-15
949, Heat, 1995-12-15
436969, The Suicide Squad, 2021-07-28
564, The Mummy, 1999-04-16
374720, Dunkirk, 2017-07-19
329, Jurassic Park, 1993-06-11
343668, Kingsman: The Golden Circle, 2017-09-20
847, Willow, 1988-05-20
102899, Ant-Man, 2015-07-14
137113, Edge of Tomorrow, 2014-05-27
122, The Lord of the Rings: The Return of the King, 2003-12-01
752623, The Lost City, 2022-03-24
693134, Dune: Part Two, 2024-02-27
101299, The Hunger Games: Catching Fire, 2013-11-15
581726, Infinite, 2021-09-09
359724, Ford v Ferrari, 2019-11-13
476669, The King's Man, 2021-12-22
453395, Doctor Strange in the Multiverse of Madness, 2022-05-04
760741, Beast, 2022-08-11
524434, Eternals, 2021-11-03
118340, Guardians of the Galaxy, 2014-07-30
101, Léon: The Professional, 1994-09-14
766507, Prey, 2022-08-02
76341, Mad Max: Fury Road, 2015-05-13
514999, Murder Mystery, 2019-05-25
10135, Road House, 1989-05-19
550988, Free Guy, 2021-08-11
778946, Mission Majnu, 2023-01-20
11, Star Wars, 1977-05-25
779782, The School for Good and Evil, 2022-10-19
530915, 1917, 2019-12-25
710, GoldenEye, 1995-11-16
273481, Sicario, 2015-09-17
297761, Suicide Squad, 2016-08-03
670, Oldboy, 2003-11-21
299536, Avengers: Infinity War, 2018-04-25
667538, Transformers: Rise of the Beasts, 2023-06-06
755, From Dusk Till Dawn, 1996-01-19
464052, Wonder Woman 1984, 2020-12-16
383498, Deadpool 2, 2018-05-10
638974, Murder Mystery 2, 2023-03-28
207703, Kingsman: The Secret Service, 2014-12-13
22, Pirates of the Caribbean: The Curse of the Black Pearl, 2003-07-09
842934, Poker Face, 2022-11-16
363088, Ant-Man and the Wasp, 2018-07-04
695721, The Hunger Games: The Ballad of Songbirds & Snakes, 2023-11-15
458156, John Wick: Chapter 3 - Parabellum, 2019-05-15
121, The Lord of the Rings: The Two Towers, 2002-12-18
89, Indiana Jones and the Last Crusade, 1989-05-24
64690, Drive, 2011-09-15
78, Blade Runner, 1982-06-25
49026, The Dark Knight Rises, 2012-07-17
353081, Mission: Impossible - Fallout, 2018-07-13
339846, Baywatch, 2017-05-25
330459, Rogue One: A Star Wars Story, 2016-12-14
218, The Terminator, 1984-10-26
280, Terminator 2: Judgment Day, 1991-07-03
36955, True Lies, 1994-07-15
551271, Medieval, 2022-09-08
203801, The Man from U.N.C.L.E., 2015-08-13
637649, Wrath of Man, 2021-04-22
569094, Spider-Man: Across the Spider-Verse, 2023-05-31
324857, Spider-Man: Into the Spider-Verse, 2018-12-06
333339, Ready Player One, 2018-03-28
675, Harry Potter and the Order of the Phoenix, 2007-07-08
401981, Red Sparrow, 2018-02-28
557, Spider-Man, 2002-05-01
829280, Enola Holmes 2, 2022-11-30
679, Aliens, 1986-07-18
228150, Fury, 2014-10-15
324552, John Wick: Chapter 2, 2017-02-08
615656, Meg 2: The Trench, 2023-08-02
575264, Mission: Impossible - Dead Reckoning Part One, 2023-07-08
18, The Fifth Element, 1997-05-02
791373, Zack Snyder's Justice League, 2021-03-18
75612, Oblivion, 2013-04-10
36557, Casino Royale, 2006-11-14
715931, Emancipation, 2022-12-02
339403, Baby Driver, 2017-06-28
435, The Day After Tomorrow, 2004-05-26
763285, Ambulance, 2022-03-16
293660, Deadpool, 2016-02-09
74, War of the Worlds, 2005-06-28
558449, Untitled Gladiator Sequel, 2024-11-20
49521, Man of Steel, 2013-06-12
1771, Captain America: The First Avenger, 2011-07-22
904557, Thunivu, 2023-01-10
889737, Joker: Folie à Deux, 2024-10-02
263115, Logan, 2017-02-28
399361, Triple Frontier, 2019-03-06
406759, Moonfall, 2022-02-03
287947, Shazam!, 2019-03-29
87, Indiana Jones and the Temple of Doom, 1984-05-23
1271, 300, 2007-03-07
1579, Apocalypto, 2006-12-07
624860, The Matrix Resurrections, 2021-12-16
567609, Ready or Not, 2019-08-21
181812, Star Wars: The Rise of Skywalker, 2019-12-18
843794, JUNG_E, 2023-01-12
572802, Aquaman and the Lost Kingdom, 2023-12-20
272, Batman Begins, 2005-06-10
767, Harry Potter and the Half-Blood Prince, 2009-07-15
156022, The Equalizer, 2014-09-24
429473, Lou, 2022-09-23
617653, The Last Duel, 2021-10-13
421473, Above Suspicion, 2019-06-20
9802, The Rock, 1996-06-07
5548, RoboCop, 1987-07-17
64688, 21 Jump Street, 2012-03-14
497698, Black Widow, 2021-07-07
566525, Shang-Chi and the Legend of the Ten Rings, 2021-09-01
24, Kill Bill: Vol. 1, 2003-10-10
872954, The Old Way, 2023-01-06
281957, The Revenant, 2015-12-25
667, You Only Live Twice, 1967-06-13
157350, Divergent, 2014-03-14
1893, Star Wars: Episode I - The Phantom Menace, 1999-05-19
312221, Creed, 2015-11-25
1003598, Avengers: Secret Wars, 2027-05-06
11619, Flushed Away, 2006-10-22
24428, The Avengers, 2012-04-25
1858, Transformers, 2007-06-27
736526, Troll, 2022-12-01
2059, National Treasure, 2004-11-19
140607, Star Wars: The Force Awakens, 2015-12-15
954, Mission: Impossible, 1996-05-22
9737, Bad Boys, 1995-04-07
7485, Shooter, 2007-03-22
526896, Morbius, 2022-03-30
497582, Enola Holmes, 2020-09-23
986056, Thunderbolts, 2025-05-01
1726, Iron Man, 2008-04-30
657, From Russia with Love, 1963-10-10
198663, The Maze Runner, 2014-09-10
75780, Jack Reacher, 2012-12-20
9502, Kung Fu Panda, 2008-06-04
14161, 2012, 2009-10-10
658, Goldfinger, 1964-09-20
131634, The Hunger Games: Mockingjay - Part 2, 2015-11-18
168259, Furious 7, 2015-04-01
180, Minority Report, 2002-06-20
423204, Angel Has Fallen, 2019-08-21
13804, Fast & Furious, 2009-04-02
512195, Red Notice, 2021-11-04
90, Beverly Hills Cop, 1984-12-05
609681, The Marvels, 2023-11-08
696806, The Adam Project, 2022-03-11
72190, World War Z, 2013-06-20
615469, Spiderhead, 2022-06-17
1701, Con Air, 1997-06-05
818397, Memory, 2022-04-28
20526, TRON: Legacy, 2010-12-14
302946, The Accountant, 2016-10-13
351286, Jurassic World: Fallen Kingdom, 2018-06-06
387426, Okja, 2017-06-28
11474, The Warriors, 1979-02-01
13183, Watchmen, 2009-03-04
284053, Thor: Ragnarok, 2017-10-02
562, Die Hard, 1988-07-15
297762, Wonder Woman, 2017-05-30
1495, Kingdom of Heaven, 2005-05-03
7446, Tropic Thunder, 2008-08-09
290250, The Nice Guys, 2016-05-15
399579, Alita: Battle Angel, 2019-01-31
607, Men in Black, 1997-07-02
297802, Aquaman, 2018-12-07
698948, Thirteen Lives, 2022-07-18
384018, Fast & Furious Presents: Hobbs & Shaw, 2019-08-01
2034, Training Day, 2001-10-05
209112, Batman v Superman: Dawn of Justice, 2016-03-23
1089, Point Break, 1991-01-31
402900, Ocean's Eight, 2018-06-07
660, Thunderball, 1965-12-11
559969, El Camino: A Breaking Bad Movie, 2019-10-11
565770, Blue Beetle, 2023-08-16
315635, Spider-Man: Homecoming, 2017-07-05
283995, Guardians of the Galaxy Vol. 2, 2017-04-19
353486, Jumanji: Welcome to the Jungle, 2017-12-09
106, Predator, 1987-06-12
1880, Red Dawn, 1984-08-10
1891, The Empire Strikes Back, 1980-05-20
95, Armageddon, 1998-07-01
590223, Love and Monsters, 2020-10-16
618162, The Harder They Fall, 2021-10-22
131631, The Hunger Games: Mockingjay - Part 1, 2014-11-19
335988, Transformers: The Last Knight, 2017-06-16
535167, The Wandering Earth, 2019-02-05
845781, Red One, 2024-11-14
620, Ghostbusters, 1984-06-08
135397, Jurassic World, 2015-06-06
449443, Den of Thieves, 2018-01-18
841, Dune, 1984-12-14
1892, Return of the Jedi, 1983-05-25
337339, The Fate of the Furious, 2017-04-12
99861, Avengers: Age of Ultron, 2015-04-22
10195, Thor, 2011-04-21
855, Black Hawk Down, 2001-12-28
563, Starship Troopers, 1997-11-07
10764, Quantum of Solace, 2008-10-29
36657, X-Men, 2000-07-13
37724, Skyfall, 2012-10-24
714, Tomorrow Never Dies, 1997-12-11
533535, Deadpool & Wolverine, 2024-07-24
861, Total Recall, 1990-06-01
117251, White House Down, 2013-06-27
23483, Kick-Ass, 2010-03-22
9476, A Knight's Tale, 2001-05-11
9806, The Incredibles, 2004-10-27
860, WarGames, 1983-06-03
509967, 6 Underground, 2019-12-13
177677, Mission: Impossible - Rogue Nation, 2015-07-23
524047, Greenland, 2020-07-29
495764, Birds of Prey (and the Fantabulous Emancipation of One Harley Quinn), 2020-02-05
483906, Polar, 2019-01-25
100, Lock, Stock and Two Smoking Barrels, 1998-08-28
539681, DC League of Super-Pets, 2022-07-27
271110, Captain America: Civil War, 2016-04-27
675353, Sonic the Hedgehog 2, 2022-03-30
1991, Death Proof, 2007-05-22
584, 2 Fast 2 Furious, 2003-06-05
396535, Train to Busan, 2016-07-20
503736, Army of the Dead, 2021-05-14
924, Dawn of the Dead, 2004-03-19
141052, Justice League, 2017-11-15
87516, Oldboy, 2013-11-14
290859, Terminator: Dark Fate, 2019-10-23
10603, George of the Jungle, 1997-07-15
59440, Warrior, 2011-09-09
848326, Rebel Moon - Part One: A Child of Fire, 2023-12-15
1885, The Karate Kid, 1984-06-22
1062482, Condor's Nest, 2023-01-27
390062, Jungle, 2017-06-27
13475, Star Trek, 2009-05-06
166426, Pirates of the Caribbean: Dead Men Tell No Tales, 2017-05-23
480530, Creed II, 2018-11-21
755566, Day Shift, 2022-08-12
1003596, Avengers 5, 2026-04-29
561, Constantine, 2005-02-08
8367, Robin Hood: Prince of Thieves, 1991-06-14
268, Batman, 1989-06-21
299537, Captain Marvel, 2019-03-06
676, Pearl Harbor, 2001-05-21
822119, Captain America: Brave New World, 2025-02-12
117263, Olympus Has Fallen, 2013-03-20
752, V for Vendetta, 2006-02-23
1734, The Mummy Returns, 2001-05-04
460465, Mortal Kombat, 2021-04-07
300671, 13 Hours: The Secret Soldiers of Benghazi, 2016-01-14
9659, Mad Max, 1979-04-12
9326, Romancing the Stone, 1984-03-30
2048, I, Robot, 2004-07-15
51497, Fast Five, 2011-04-20
951, Kindergarten Cop, 1990-12-21
181808, Star Wars: The Last Jedi, 2017-12-13
49530, In Time, 2011-10-27
1895, Star Wars: Episode III - Revenge of the Sith, 2005-05-17
206487, Predestination, 2014-08-28
277, Underworld, 2003-09-19
22803, Law Abiding Citizen, 2009-10-15
9615, The Fast and the Furious: Tokyo Drift, 2006-06-03
858485, Kantara, 2022-09-30
796499, Army of Thieves, 2021-10-27
56292, Mission: Impossible - Ghost Protocol, 2011-12-07
19908, Zombieland, 2009-10-07
340102, The New Mutants, 2020-04-02
8961, Bad Boys II, 2003-07-18
865, The Running Man, 1987-11-13
646, Dr. No, 1962-10-07
10191, How to Train Your Dragon, 2010-03-18
629176, Samaritan, 2022-08-25
49849, Cowboys & Aliens, 2011-07-29
345887, The Equalizer 2, 2018-07-19
10196, The Last Airbender, 2010-06-30
110415, Snowpiercer, 2013-08-01
667739, The Man from Toronto, 2022-12-23
399566, Godzilla vs. Kong, 2021-03-24
345940, The Meg, 2018-08-09
1637, Speed, 1994-06-09
7191, Cloverfield, 2008-01-15
348350, Solo: A Star Wars Story, 2018-05-15
9693, Children of Men, 2006-09-22
206647, Spectre, 2015-10-26
38700, Bad Boys for Life, 2020-01-15
8681, Taken, 2008-02-18
545609, Extraction, 2020-04-24
284052, Doctor Strange, 2016-10-25
338970, Tomb Raider, 2018-03-05
68721, Iron Man 3, 2013-04-18
87421, Riddick, 2013-09-02
2501, The Bourne Identity, 2002-06-14
547016, The Old Guard, 2020-07-10
1562, 28 Weeks Later, 2007-04-26
2164, Stargate, 1994-10-28
8592, Dick Tracy, 1990-04-05
588228, The Tomorrow War, 2021-09-03
146, Crouching Tiger, Hidden Dragon, 2000-07-06
9361, The Last of the Mohicans, 1992-08-26
718789, Lightyear, 2022-06-15
522931, Hitman's Wife's Bodyguard, 2021-06-14
9846, To Live and Die in L.A., 1985-11-01
1007427, Night Train, 2023-01-13
399402, Hunter Killer, 2018-10-19
246655, X-Men: Apocalypse, 2016-05-18
41154, Men in Black 3, 2012-05-23
559, Spider-Man 3, 2007-05-01
585268, War, 2019-10-02
339964, Valerian and the City of a Thousand Planets, 2017-07-20
982620, Maneater, 2022-08-26
296, Terminator 3: Rise of the Machines, 2003-07-02
8656, Deep Impact, 1998-05-08
37686, Super 8, 2011-06-08
4836, Layer Cake, 2004-09-30
6479, I Am Legend, 2007-12-12
823625, Blacklight, 2022-02-10
14113, Zoom, 2006-08-11
445571, Game Night, 2018-02-15
484641, Anna, 2019-06-19
785663, Old Henry, 2021-10-01
217, Indiana Jones and the Kingdom of the Crystal Skull, 2008-05-21
9509, Man on Fire, 2004-04-23
100402, Captain America: The Winter Soldier, 2014-03-20
8914, Deep Blue Sea, 1999-07-28
10528, Sherlock Holmes, 2009-12-23
787, Mr. & Mrs. Smith, 2005-06-07
1368, First Blood, 1982-10-22
1924, Superman, 1978-12-14
59, A History of Violence, 2005-09-23
580489, Venom: Let There Be Carnage, 2021-09-30
429617, Spider-Man: Far From Home, 2019-06-28
58, Pirates of the Caribbean: Dead Man's Chest, 2006-07-06
282035, The Mummy, 2017-06-06
254128, San Andreas, 2015-05-27
516486, Greyhound, 2020-07-10
27581, The Other Guys, 2010-08-06
400535, Sicario: Day of the Soldado, 2018-06-27
5503, The Fugitive, 1993-08-06
82992, Fast & Furious 6, 2013-05-21
193756, Lone Survivor, 2013-12-24
1930, The Amazing Spider-Man, 2012-06-23
254, King Kong, 2005-12-12
754, Face/Off, 1997-06-27
260513, Incredibles 2, 2018-06-14
512200, Jumanji: The Next Level, 2019-12-04
227306, Unbroken, 2014-12-25
753342, Napoleon, 2023-11-22
854, The Mask, 1994-07-29
1894, Star Wars: Episode II - Attack of the Clones, 2002-05-15
190859, American Sniper, 2014-12-25
335983, Venom, 2018-09-28
188927, Star Trek Beyond, 2016-07-07
302699, Central Intelligence, 2016-06-16
17654, District 9, 2009-08-05
205584, Gods of Egypt, 2016-02-25
539885, Ava, 2020-07-02
1669, The Hunt for Red October, 1990-03-02
415, Batman & Robin, 1997-06-20
531499, The Tax Collector, 2020-08-07
1246, Rocky Balboa, 2006-12-20
616, The Last Samurai, 2003-12-05
4638, Hot Fuzz, 2007-02-14
11649, Masters of the Universe, 1987-08-07
522681, Escape Room, 2019-01-03
628900, The Contractor, 2022-03-10
458897, Charlie's Angels, 2019-11-14
39514, RED, 2010-10-13
343611, Jack Reacher: Never Go Back, 2016-10-19
966, The Magnificent Seven, 1960-10-12
955, Mission: Impossible II, 2000-05-24
443791, Underwater, 2020-01-08
1013860, R.I.P.D. 2: Rise of the Damned, 2022-11-15
10803, Logan's Run, 1976-06-23
1103, Escape from New York, 1981-05-23
522162, Midway, 2019-11-06
1538, Collateral, 2004-08-04
926393, The Equalizer 3, 2023-08-30
337401, Mulan, 2020-09-04
320288, Dark Phoenix, 2019-06-05
36643, The World Is Not Enough, 1999-11-17
274857, King Arthur: Legend of the Sword, 2017-05-10
514847, The Hunt, 2020-03-11
49538, X-Men: First Class, 2011-06-01
10206, Buffy the Vampire Slayer, 1992-07-24
83533, Avatar 3, 2025-12-19
8337, They Live, 1988-11-04
36647, Blade, 1998-08-21
835017, Varisu, 2023-01-11
619, The Bodyguard, 1992-11-25
11362, The Count of Monte Cristo, 2002-01-23
608, Men in Black II, 2002-07-03
238713, Spy, 2015-05-06
137106, The Lego Movie, 2014-02-06
527774, Raya and the Last Dragon, 2021-03-03
1724, The Incredible Hulk, 2008-06-12
11006, Smokey and the Bandit, 1977-05-26
941, Lethal Weapon, 1987-03-06
9342, The Mask of Zorro, 1998-07-16
8909, Wanted, 2008-06-19
451048, Jungle Cruise, 2021-07-28
20504, The Book of Eli, 2010-01-14
96721, Rush, 2013-09-02
8619, Master and Commander: The Far Side of the World, 2003-11-14
1865, Pirates of the Caribbean: On Stranger Tides, 2011-05-15
333484, The Magnificent Seven, 2016-09-14
346, Seven Samurai, 1954-04-26
393, Kill Bill: Vol. 2, 2004-04-16
291805, Now You See Me 2, 2016-06-02
240832, Lucy, 2014-07-25
916224, Suzume, 2022-11-11
2787, Pitch Black, 2000-02-18
91314, Transformers: Age of Extinction, 2014-06-25
9654, The Italian Job, 2003-05-30
68726, Pacific Rim, 2013-07-11
1735, The Mummy: Tomb of the Dragon Emperor, 2008-07-01
500664, Upgrade, 2018-05-31
8009, Highlander, 1986-03-07
424783, Bumblebee, 2018-12-15
438650, Cold Pursuit, 2019-02-07
1067282, Demon Slayer: Kimetsu no Yaiba -To the Swordsmith Village-, 2023-02-03
311324, The Great Wall, 2016-12-16
337170, American Made, 2017-08-18
799379, Project Wolf Hunting, 2022-09-21
253412, Everest, 2015-09-10
956, Mission: Impossible III, 2006-04-25
1576, Resident Evil, 2002-03-15
241, Natural Born Killers, 1994-08-26
7131, Van Helsing, 2004-05-03
460458, Resident Evil: Welcome to Raccoon City, 2021-11-24
414, Batman Forever, 1995-06-16
44833, Battleship, 2012-04-11
9954, The Covenant, 2006-09-08
184315, Hercules, 2014-07-23
128, Princess Mononoke, 1997-07-12
2024, The Patriot, 2000-06-28
37958, Immortals, 2011-11-10
525, The Blues Brothers, 1980-06-16
800158, The Killer, 2023-10-25
41283, Faster, 2010-11-23
127585, X-Men: Days of Future Past, 2014-05-15
18501, Gamer, 2009-09-03
10138, Iron Man 2, 2010-04-28
22894, Legion, 2010-01-21
285, Pirates of the Caribbean: At World's End, 2007-05-19
338762, Bloodshot, 2020-03-05
45612, Source Code, 2011-03-30
399170, Logan Lucky, 2017-08-17
11576, It's a Mad, Mad, Mad, Mad World, 1963-11-07
257344, Pixels, 2015-07-16
1452, Superman Returns, 2006-06-28
13811, Knowing, 2009-03-19
10336, Spawn, 1997-07-31
2789, The Chronicles of Riddick, 2004-06-11
177572, Big Hero 6, 2014-10-24
9387, Conan the Barbarian, 1982-04-02
20662, Robin Hood, 2010-05-12
341013, Atomic Blonde, 2017-07-26
615677, We Can Be Heroes, 2020-12-25
329833, Zoolander 2, 2016-02-06
996727, The Price We Pay, 2023-01-13
9495, The Crow, 1994-05-11
274855, Geostorm, 2017-10-12
454626, Sonic the Hedgehog, 2020-02-12
97, Tron, 1982-07-09
117691, Gangs of Wasseypur - Part 1, 2012-06-22
307081, Southpaw, 2015-03-24
8845, Under Siege, 1992-10-08
10054, Spy Kids, 2001-03-18
353491, The Dark Tower, 2017-08-03
59967, Looper, 2012-09-26
829799, Paradise City, 2022-11-11
187017, 22 Jump Street, 2014-06-05
406990, What Happened to Monday, 2017-08-18
5176, 3:10 to Yuma, 2007-09-06
37094, Falling Down, 1993-02-26
12106, The Quick and the Dead, 1995-02-09
149, Akira, 1988-07-16
140300, Kung Fu Panda 3, 2016-01-23
460885, Mandy, 2018-09-13
98357, Broken City, 2013-01-18
7304, Running Scared, 2006-01-06
45317, The Fighter, 2010-12-10
8068, Desperado, 1995-08-25
817, Austin Powers: The Spy Who Shagged Me, 1999-06-08
365177, Borderlands, 2024-08-07
47327, Drive Angry, 2011-02-24
869, Planet of the Apes, 2001-07-25
597891, Kate, 2021-09-10
17578, The Adventures of Tintin, 2011-10-24
13809, RocknRolla, 2008-09-04
10999, Commando, 1985-10-03
458594, Peppermint, 2018-09-06
1571, Live Free or Die Hard, 2007-06-20
8676, Fool's Gold, 2008-02-07
87101, Terminator Genisys, 2015-06-23
8810, Mad Max 2, 1981-12-24
456740, Hellboy, 2019-04-10
868759, Ghosted, 2023-04-18
11459, Sky High, 2005-07-29
109424, Captain Phillips, 2013-10-10
267860, London Has Fallen, 2016-03-02
939243, Sonic the Hedgehog 3, 2024-12-19
375588, Robin Hood, 2018-11-21
8963, Crimson Tide, 1995-05-12
60747, Red Dawn, 2012-03-15
558, Spider-Man 2, 2004-06-25
164457, Out of the Furnace, 2013-11-09
49017, Dracula Untold, 2014-10-01
568620, Snake Eyes: G.I. Joe Origins, 2021-07-22
10865, Atlantis: The Lost Empire, 2001-06-02
6978, Big Trouble in Little China, 1986-05-30
428078, Mortal Engines, 2018-11-27
664, Twister, 1996-05-10
49529, John Carter, 2012-03-07
8007, Behind Enemy Lines, 2001-11-30
2080, X-Men Origins: Wolverine, 2009-04-28
76726, Chronicle, 2012-02-01
9257, S.W.A.T., 2003-08-08
10189, Pineapple Express, 2008-08-06
82525, Savages, 2012-07-06
454227, Outlaw King, 2018-09-06
49797, I Saw the Devil, 2010-08-12
257088, Point Break, 2015-12-03
746036, The Fall Guy, 2024-04-25
64686, 47 Ronin, 2013-12-06
8077, Alien³, 1992-05-22
280180, Beverly Hills Cop: Axel F, 2024-07-03
760204, The Lair, 2022-10-28
708, The Living Daylights, 1987-06-29
763215, Damsel, 2024-03-08
330, The Lost World: Jurassic Park, 1997-05-23
942, Lethal Weapon 2, 1989-07-07
506528, Harriet, 2019-11-01
16320, Serenity, 2005-09-25
384521, The Cloverfield Paradox, 2018-02-04
324668, Jason Bourne, 2016-07-27
2109, Rush Hour, 1998-09-18
305470, Power Rangers, 2017-03-23
615658, Awake, 2021-06-09
617126, The Fantastic Four, 2025-07-24
614930, Teenage Mutant Ninja Turtles: Mutant Mayhem, 2023-07-31
46529, I Am Number Four, 2011-02-18
23629, Sucker Punch, 2011-03-24
831946, Interceptor, 2022-05-26
13813, Defiance, 2008-12-31
848538, Argylle, 2024-01-31
791155, Secret Headquarters, 2022-08-12
9869, Patriot Games, 1992-06-04
53182, 300: Rise of an Empire, 2014-03-05
364, Batman Returns, 1992-06-19
102382, The Amazing Spider-Man 2, 2014-04-16
7451, xXx, 2002-08-09
38356, Transformers: Dark of the Moon, 2011-06-28
77016, End of Watch, 2012-09-20
9671, Crocodile Dundee, 1986-09-26
698, Moonraker, 1979-06-26
68724, Elysium, 2013-08-07
629017, Run Hide Fight, 2021-06-17
1966, Alexander, 2004-11-21
1369, Rambo: First Blood Part II, 1985-05-21
522016, The 355, 2022-01-05
8698, The League of Extraordinary Gentlemen, 2003-07-11
36658, X2, 2003-04-27
602223, The Forever Purge, 2021-06-30
539972, Kraven the Hunter, 2024-08-24
8738, The Final Countdown, 1980-01-31
8373, Transformers: Revenge of the Fallen, 2009-06-19
617127, Blade, 2025-11-05
873126, My Name Is Vendetta, 2022-11-30
707, A View to a Kill, 1985-05-24
6950, Outbreak, 1995-03-10
68735, Warcraft, 2016-05-25
49444, Kung Fu Panda 2, 2011-05-25
573435, Bad Boys 4, 2024-06-12
1035806, Detective Knight: Independence, 2023-01-20
630004, The Vault, 2021-03-04
7299, Equilibrium, 2002-12-06
296524, Deepwater Horizon, 2016-09-28
365620, Ferrari, 2023-12-14
76338, Thor: The Dark World, 2013-10-30
513310, Boss Level, 2021-02-19
390043, The Hitman's Bodyguard, 2017-08-16
14869, G.I. Joe: The Rise of Cobra, 2009-08-03
76170, The Wolverine, 2013-07-21
166428, How to Train Your Dragon: The Hidden World, 2019-01-03
38055, Megamind, 2010-10-28
429351, 12 Strong, 2018-01-18
293167, Kong: Skull Island, 2017-03-08
294254, Maze Runner: The Scorch Trials, 2015-09-09
98566, Teenage Mutant Ninja Turtles, 2014-08-07
9739, Demolition Man, 1993-10-08
166424, Fantastic Four, 2015-08-05
346910, The Predator, 2018-09-05
11954, Lifeforce, 1985-06-21
36669, Die Another Day, 2002-11-17
9348, Species, 1995-07-07
635302, Demon Slayer -Kimetsu no Yaiba- The Movie: Mugen Train, 2020-10-16
581600, Spenser Confidential, 2020-03-06
457712, The VelociPastor, 2018-09-28
24021, The Twilight Saga: Eclipse, 2010-06-23
14164, Dragonball Evolution, 2009-03-12
522938, Rambo: Last Blood, 2019-09-19
9411, Fallen, 1998-01-16
336843, Maze Runner: The Death Cure, 2018-01-10
59961, Safe House, 2012-02-08
738652, Copshop, 2021-09-09
124905, Godzilla, 2014-05-14
604, The Matrix Reloaded, 2003-05-15
653346, Kingdom of the Planet of the Apes, 2024-05-08
1487, Hellboy, 2004-04-02
158852, Tomorrowland, 2015-05-19
1992, Planet Terror, 2007-04-06
7516, Smokin' Aces, 2006-12-09
9772, Air Force One, 1997-07-25
2502, The Bourne Supremacy, 2004-07-23
447404, Pokémon Detective Pikachu, 2019-05-03
612, Munich, 2005-12-23
567189, Tom Clancy's Without Remorse, 2021-04-29
8374, The Boondock Saints, 1999-01-22
8292, Four Brothers, 2005-08-11
286567, Max Steel, 2016-10-14
27578, The Expendables, 2010-08-03
82700, After Earth, 2013-05-30
11935, Capricorn One, 1977-12-10
9679, Gone in Sixty Seconds, 2000-06-09
207932, Inferno, 2016-10-13
10734, Escape from Alcatraz, 1979-06-22
10907, The Adventures of Robin Hood, 1938-05-13
18823, Clash of the Titans, 2010-03-26
315837, Ghost in the Shell, 2017-03-29
228967, The Interview, 2014-12-25
54138, Star Trek Into Darkness, 2013-05-05
86834, Noah, 2014-03-07
647250, The Machine, 2023-05-25
258489, The Legend of Tarzan, 2016-06-29
7551, Déjà Vu, 2006-11-22
7220, The Punisher, 2004-04-15
366672, Paws of Fury: The Legend of Hank, 2022-07-14
6637, National Treasure: Book of Secrets, 2007-12-13
338967, Zombieland: Double Tap, 2019-10-09
52451, The Three Musketeers, 2011-08-31
1498, Teenage Mutant Ninja Turtles, 1990-03-30
643586, Willy's Wonderland, 2021-02-12
64635, Total Recall, 2012-08-02
466081, The Informer, 2019-08-30
681, Diamonds Are Forever, 1971-12-14
1250, Ghost Rider, 2007-01-15
369885, Allied, 2016-11-17
2133, The Perfect Storm, 2000-06-29
80274, Ender's Game, 2013-10-24
853, Enemy at the Gates, 2001-02-28
984, Dirty Harry, 1971-12-22
530382, In the Shadow of the Moon, 2019-09-27
201088, Blackhat, 2015-01-13
9341, The Core, 2003-03-28
49049, Dredd, 2012-09-07
8078, Alien Resurrection, 1997-11-12
11322, Public Enemies, 2009-07-01
574060, Gunpowder Milkshake, 2021-07-14
262500, Insurgent, 2015-03-18
213, North by Northwest, 1959-07-08
44912, Green Lantern, 2011-06-14
15512, Monsters vs Aliens, 2009-03-19
458576, Monster Hunter, 2020-12-03
578701, Those Who Wish Me Dead, 2021-05-05
1995, Lara Croft: Tomb Raider, 2001-06-11
983058, National Treasure: Revenge of the Puzzlemaster, 
852046, Athena, 2022-09-09
9804, Waterworld, 1995-07-28
10022, The Pacifier, 2005-03-04
38575, The Karate Kid, 2010-06-10
840326, Sisu, 2023-01-27
13448, Angels & Demons, 2009-05-13
1493, Miss Congeniality, 2000-12-22
189, Sin City: A Dame to Kill For, 2014-08-20
709, Licence to Kill, 1989-06-13
58431, Pride and Prejudice and Zombies, 2016-02-04
241848, The Guest, 2014-09-05
39254, Real Steel, 2011-09-28
11509, Silverado, 1985-07-10
49524, R.I.P.D., 2013-07-18
1635, The Island, 2005-07-21
11967, Young Guns, 1988-02-17
534, Terminator Salvation, 2009-05-20
121856, Assassin's Creed, 2016-12-21
747803, One Way, 2022-09-02
1927, Hulk, 2003-06-19
851783, Vikram Vedha, 2022-09-30
9593, Last Action Hero, 1993-06-18
37430, Conan the Barbarian, 2011-08-17
7555, Rambo, 2008-01-24
615173, The Witch: Part 2. The Other One, 2022-06-15
2486, Eragon, 2006-12-14
2454, The Chronicles of Narnia: Prince Caspian, 2008-05-15
136795, The Heat, 2013-06-27
9480, Daredevil, 2003-02-14
262504, Allegiant, 2016-03-09
9477, King Arthur, 2004-07-07
61791, Rise of the Planet of the Apes, 2011-08-03
8247, Jumper, 2008-02-13
373571, Godzilla: King of the Monsters, 2019-05-29
253, Live and Let Die, 1973-06-27
96, Beverly Hills Cop II, 1987-05-18
412656, Chaos Walking, 2021-02-24
36668, X-Men: The Last Stand, 2006-05-24
1573, Die Hard 2, 1990-07-03
4614, The Sum of All Fears, 2002-05-31
943, Lethal Weapon 3, 1992-05-15
11808, U.S. Marshals, 1998-03-06
10057, The Three Musketeers, 1993-11-11
82702, How to Train Your Dragon 2, 2014-06-05
10536, The Italian Job, 1969-06-02
535292, 21 Bridges, 2019-10-24
469722, Trauma, 2017-12-25
192141, No Escape, 2015-08-26
18533, Bronson, 2008-10-09
44048, Unstoppable, 2010-11-04
205775, In the Heart of the Sea, 2015-12-03
2112, Payback, 1999-02-05
9313, The Man in the Iron Mask, 1998-03-12
980489, Gran Turismo, 2023-08-09
11286, The Cannonball Run, 1981-06-19
138103, The Expendables 3, 2014-08-07
10590, We Were Soldiers, 2002-03-01
169, Predator 2, 1990-11-21
331, Jurassic Park III, 2001-07-18
3683, Flags of Our Fathers, 2006-10-18
786892, Furiosa: A Mad Max Saga, 2024-05-22
682, The Man with the Golden Gun, 1974-12-01
59962, This Means War, 2012-02-14
839033, The Lord of the Rings: The War of the Rohirrim, 2024-12-11
94329, The Raid, 2012-03-22
3989, Team America: World Police, 2004-10-10
267193, Grimsby, 2016-02-24
700, Octopussy, 1983-06-05
324849, The Lego Batman Movie, 2017-02-08
617502, Jolt, 2021-07-15
2503, The Bourne Ultimatum, 2007-08-03
58595, Snow White and the Huntsman, 2012-05-30
9543, Prince of Persia: The Sands of Time, 2010-05-19
8960, Hancock, 2008-07-01
1844, Entrapment, 1999-04-29
44896, Rango, 2011-03-02
691, The Spy Who Loved Me, 1977-07-07
43074, Ghostbusters, 2016-07-14
19959, Surrogates, 2009-09-24
123553, The Mortal Instruments: City of Bones, 2013-08-21
420808, Peter Pan & Wendy, 2023-04-20
7364, Sahara, 2005-04-06
866198, Michael, 2023-02-03
457335, Guns Akimbo, 2020-02-27
530254, The Witch: Part 1. The Subversion, 2018-06-27
585216, Escape Room: Tournament of Champions, 2021-07-01
421, The Life Aquatic with Steve Zissou, 2004-12-10
760873, The Colony, 2021-08-26
818, Austin Powers in Goldmember, 2002-07-26
9386, In the Line of Fire, 1993-07-08
58574, Sherlock Holmes: A Game of Shadows, 2011-11-22
347375, Mile 22, 2018-08-16
256040, Bāhubali: The Beginning, 2015-07-10
438674, Dragged Across Concrete, 2018-09-03
625568, Unhinged, 2020-07-16
10249, The Rocketeer, 1991-06-21
446807, The Girl in the Spider's Web, 2018-10-25
281338, War for the Planet of the Apes, 2017-07-11
16136, Juice, 1992-01-17
119450, Dawn of the Planet of the Apes, 2014-07-08
274854, The Last Witch Hunter, 2015-10-21
88751, Journey to the Center of the Earth, 2008-07-10
1620, Hitman, 2007-11-21
147441, Exodus: Gods and Kings, 2014-12-03
759175, The Princess, 2022-06-16
81005, Jack the Giant Slayer, 2013-02-27
570678, Untitled Constantine Sequel, 
390054, Sand Castle, 2017-04-21
259695, Live by Night, 2016-12-25
9738, Fantastic Four, 2005-06-29
683328, The Big 4, 2022-12-19
427641, Rampage, 2018-04-11
9319, The Last Boy Scout, 1991-12-13
137094, Jack Ryan: Shadow Recruit, 2014-01-15
4513, 30 Days of Night, 2007-10-17
5549, RoboCop 2, 1990-06-22
3604, Flash Gordon, 1980-09-01
308531, Teenage Mutant Ninja Turtles: Out of the Shadows, 2016-06-01
1948, Crank, 2006-08-31
11918, Superhero Movie, 2008-03-28
1026377, Sanctioning Evil, 2022-10-07
400106, Bright, 2017-12-22
316154, The Bad Batch, 2017-06-23
266647, Pan, 2015-09-24
2119, Days of Thunder, 1990-06-27
740952, Savage Salvation, 2022-12-02
9334, The Scorpion King, 2002-04-18
1051, The French Connection, 1971-10-09
297708, Sherlock Holmes 3, 
9595, Hot Shots!, 1991-07-31
420821, Chip 'n Dale: Rescue Rangers, 2022-05-20
12113, Body of Lies, 2008-10-09
34544, The A-Team, 2010-06-09
47933, Independence Day: Resurgence, 2016-06-22
9312, Mortal Kombat, 1995-08-18
628878, Panama, 2022-03-17
332567, The Shallows, 2016-06-24
4327, Charlie's Angels, 2000-11-02
876969, Assassin Club, 2023-02-24
898789, Lethal Weapon 5, 
8456, Never Back Down, 2008-03-04
4108, The Transporter, 2002-10-02
605116, Project Power, 2020-08-14
97020, RoboCop, 2014-01-30
60304, Hansel & Gretel: Witch Hunters, 2013-01-17
11667, Street Fighter, 1994-12-23
9350, Cliffhanger, 1993-05-28
285923, Grindhouse, 2007-04-06
11678, Vertical Limit, 2000-12-08
13022, Rogue, 2007-11-08
72559, G.I. Joe: Retaliation, 2013-03-27
136400, 2 Guns, 2013-08-02
11358, Walking Tall, 2004-04-02
9470, Kung Fu Hustle, 2004-02-10
823464, Godzilla x Kong: The New Empire, 2024-03-27
10386, The Iron Giant, 1999-08-06
417644, CHiPS, 2017-03-23
9383, Hollow Man, 2000-08-04
336004, Heist, 2015-11-13
727340, Hunt, 2022-08-10
11884, The Last Starfighter, 1984-07-13
9360, Anaconda, 1997-04-11
429415, Extinction, 2018-07-15
377264, Morgan, 2016-09-01
668489, Havoc, 
1064750, Imani, 2023-01-06
19142, The Return of Swamp Thing, 1989-05-11
460846, Security, 2017-03-04
27579, The American, 2010-08-31
9896, Rat Race, 2001-08-17
9323, Ghost in the Shell, 1995-11-18
9619, Dante's Peak, 1997-02-07
9874, Cobra, 1986-05-22
415842, American Assassin, 2017-09-14
395, AVP: Alien vs. Predator, 2004-08-12
475210, How It Ends, 2018-07-13
2055, Open Range, 2003-08-29
225574, Non-Stop, 2014-02-26
8195, Ronin, 1998-09-25
699, For Your Eyes Only, 1981-06-24
9922, The Postman, 1997-12-25
602654, Horizon Line, 2020-10-29
1011985, Kung Fu Panda 4, 2024-03-06
37834, Knight and Day, 2010-06-15
645788, The Protégé, 2021-08-19
19898, Pandorum, 2009-09-08
36670, Never Say Never Again, 1983-10-07
479455, Men in Black: International, 2019-06-12
112842, Dick Tracy, 1945-12-01
1019638, Faraaz, 2023-02-03
18487, The Taking of Pelham 1 2 3, 2009-06-10
134374, Pain & Gain, 2013-04-18
921355, Assassin, 2023-03-31
359410, Road House, 2024-03-08
12160, Wyatt Earp, 1994-06-24
107846, Escape Plan, 2013-10-09
34851, Predators, 2010-07-03
475, Bonnie and Clyde, 1967-08-14
59859, Kick-Ass 2, 2013-07-17
48138, Unknown, 2011-02-16
581032, News of the World, 2020-12-25
2614, Innerspace, 1987-07-01
154, Star Trek II: The Wrath of Khan, 1982-06-04
1081620, The Weapon, 2023-02-17
36586, Blade II, 2002-03-22
162215, How I Live Now, 2013-09-10
36648, Blade: Trinity, 2004-12-08
760883, Blood Red Sky, 2021-07-23
11199, Wild Hogs, 2007-03-02
198184, Chappie, 2015-03-04
9053, DOA: Dead or Alive, 2006-09-07
146198, Triple 9, 2016-02-19
1370, Rambo III, 1988-05-24
9331, Clear and Present Danger, 1994-08-03
455980, Tag, 2018-05-30
82, Miami Vice, 2006-07-27
9798, Enemy of the State, 1998-11-20
26201, The Sea Hawk, 1940-08-10
663870, Riders of Justice, 2020-11-19
395991, Only the Brave, 2017-09-22
872906, Jawan, 2023-09-07
9067, Tank Girl, 1995-03-31
438799, Overlord, 2018-11-01
482373, Don't Breathe 2, 2021-08-12
302156, Criminal, 2016-04-07
429300, Adrift, 2018-05-31
347969, The Ridiculous 6, 2015-12-11
395841, Hold the Dark, 2018-09-22
11551, Small Soldiers, 1998-07-10
27576, Salt, 2010-07-21
13416, Friday Night Lights, 2004-10-08
464889, Sniper: Ultimate Kill, 2017-10-03
329556, Landmine Goes Click, 2015-03-03
10431, War, 2007-08-24
1572, Die Hard: With a Vengeance, 1995-05-19
375366, The Girl with All the Gifts, 2016-09-23
1642, The Net, 1995-07-28
157353, Transcendence, 2014-04-16
306, Beverly Hills Cop III, 1994-05-24
107985, The World's End, 2013-07-18
76757, Jupiter Ascending, 2015-02-04
10658, Howard the Duck, 1986-08-01
11690, Bloodsport, 1988-02-26
531876, The Outpost, 2020-06-24
49040, The Bourne Legacy, 2012-08-08
759507, Blackout, 2022-10-12
47971, xXx: Return of Xander Cage, 2017-01-13
333669, Bastille Day, 2016-04-22
10323, Clash of the Titans, 1981-06-12
11645, Ran, 1985-06-01
43539, The Next Three Days, 2010-11-18
1035803, Detective Knight: Redemption, 2022-12-09
22907, Takers, 2010-08-26
668, On Her Majesty's Secret Service, 1969-12-18
916, Bullitt, 1968-10-17
299687, The 5th Wave, 2016-01-14
2978, Ghostbusters II, 1989-06-16
2310, Beowulf, 2007-11-05
601844, Becky, 2020-07-23
675445, PAW Patrol: The Movie, 2021-08-09
14199, The Adventures of Sharkboy and Lavagirl, 2005-06-10
697843, Extraction 2, 2023-06-09
1911, The 13th Warrior, 1999-08-13
218043, Left Behind, 2014-10-03
3176, Battle Royale, 2000-12-16
76163, The Expendables 2, 2012-08-08
391, A Fistful of Dollars, 1964-09-12
59678, Attack the Block, 2011-05-12
894803, Sita Ramam, 2022-08-05
150, 48 Hrs., 1982-12-07
23631, Machete, 2010-09-01
13027, Eagle Eye, 2008-09-25
10661, You Don't Mess with the Zohan, 2008-06-05
10483, Death Race, 2008-08-22
894169, Vendetta, 2022-05-17
441282, Night Hunter, 2019-08-29
581644, The Misfits, 2021-06-03
14537, Harakiri, 1962-09-15
10851, Revolver, 2005-09-11
398175, Brawl in Cell Block 99, 2017-09-23
1024546, Detective Knight: Rogue, 2022-10-21
1654, The Dirty Dozen, 1967-06-15
10529, Outlander, 2008-04-24
14756, Ip Man, 2008-12-12
136797, Need for Speed, 2014-03-12
1428, Once Upon a Time in Mexico, 2003-09-11
10632, The Hunted, 2003-03-11
4643, The Guardian, 2006-09-28
944, Lethal Weapon 4, 1998-07-10
846433, The Enforcer, 2022-09-22
2926, The Three Musketeers, 1973-12-11
241239, A Most Violent Year, 2014-12-31
6278, Reign of Fire, 2002-07-09
412012, Kung Fury 2, 
116977, Foodfight!, 2012-06-15
634528, The Marksman, 2021-01-15
10952, New Jack City, 1991-03-08
59108, Tower Heist, 2011-11-02
12244, 9, 2009-08-19
14460, Battle Beyond the Stars, 1980-09-08
8856, The Karate Kid Part II, 1986-06-18
8487, Wild Wild West, 1999-06-30
146216, RED 2, 2013-07-18
849, Krull, 1983-07-29
760926, Gold, 2022-01-13
8204, The Spiderwick Chronicles, 2008-02-14
9461, Enter the Dragon, 1973-08-17
1015963, High Heat, 2022-12-16
461130, Code 8, 2019-12-06
153518, The Angry Birds Movie, 2016-05-11
184346, Deliver Us from Evil, 2014-07-01
76649, Pompeii, 2014-02-18
12279, Spy Kids 3-D: Game Over, 2003-07-25
49527, Man on a Ledge, 2012-01-13
511987, Crawl, 2019-07-11
605, The Matrix Revolutions, 2003-11-05
944864, The Takeover, 2022-11-01
75174, The Grey, 2012-01-26
669671, Night Teeth, 2021-10-20
416144, Hotel Mumbai, 2019-03-14
37710, The Tourist, 2010-12-08
79, Hero, 2002-07-22
614696, #Alive, 2020-06-24
11253, Hellboy II: The Golden Army, 2008-07-11
27582, The Mechanic, 2011-01-13
283601, Galveston, 2018-10-10
45132, Super, 2010-11-26
9355, Mad Max Beyond Thunderdome, 1985-06-29
180299, The Raid 2, 2014-03-27
13820, Repo Man, 1984-02-20
743563, Vikram, 2022-06-02
9070, Mighty Morphin Power Rangers: The Movie, 1995-06-30
333385, Mr. Right, 2016-02-29
10070, Feast, 2005-10-14
11412, The Long Kiss Goodnight, 1996-10-11
204082, Homefront, 2013-11-12
8202, Æon Flux, 2005-11-30
10495, The Karate Kid Part III, 1989-06-16
587030, Kaithi, 2019-10-25
9359, Maverick, 1994-05-20
11880, Dog Soldiers, 2002-05-10
82682, Gangster Squad, 2013-01-09
9824, Mystery Men, 1999-08-06
9396, Crocodile Dundee II, 1988-05-19
1577, Resident Evil: Apocalypse, 2004-09-10
203739, Vampire Academy, 2014-02-07
864573, Kuttey, 2023-01-13
6466, Freddy vs. Jason, 2003-08-15
13939, Death Wish, 1974-07-24
646207, The Ice Road, 2021-06-24
11524, Thief, 1981-03-27
268896, Pacific Rim: Uprising, 2018-03-21
68143, Dick Tracy vs. Cueball, 1946-11-22
1738, Next, 2007-04-25
11968, Into the Blue, 2005-09-30
9594, Double Impact, 1991-07-31
81188, Rise of the Guardians, 2012-11-21
5175, Rush Hour 2, 2001-08-03
2924, Backdraft, 1991-05-24
328387, Nerve, 2016-06-27
2320, Executive Decision, 1996-03-15
601796, Alienoid, 2022-07-20
201, Star Trek: Nemesis, 2002-12-13
47942, When Time Ran Out..., 1980-03-28
68737, Seventh Son, 2014-12-12
10159, The Rundown, 2003-09-26
10040, Miss Congeniality 2: Armed and Fabulous, 2005-03-11
1034587, Amigos, 2023-02-10
333352, Eye in the Sky, 2015-09-07
1656, The Legend of Zorro, 2005-10-24
27551, The Barbarians, 1987-03-01
290595, The Huntsman: Winter's War, 2016-04-06
